DataHora,Satelite,Pais,Estado,Municipio,Bioma,DiaSemChuva,Precipitacao,RiscoFogo,Latitude,Longitude,FRP
2023/12/01 16:17:00,AQUA_M-T,Brasil,RIO GRANDE DO NORTE,RIACHO DE SANTANA,Caatinga,3.0,0.0,1.0,-6.33311,-38.35571,72.8
2023/12/01 16:17:00,AQUA_M-T,Brasil,RIO GRANDE DO NORTE,JOÃO DIAS,Caatinga,3.0,0.0,1.0,-6.26277,-37.81059,108.3
2023/12/01 16:17:00,AQUA_M-T,Brasil,RIO GRANDE DO NORTE,JOÃO DIAS,Caatinga,3.0,0.0,1.0,-6.25682,-37.81685,57.7
2023/12/01 16:17:00,AQUA_M-T,Brasil,RIO GRANDE DO NORTE,ANTÔNIO MARTINS,Caatinga,3.0,0.0,1.0,-6.2551,-37.80468,45.4
2023/12/01 16:17:00,AQUA_M-T,Brasil,RIO GRANDE DO NORTE,SERRINHA,Caatinga,3.0,0.0,0.31,-6.22018,-35.56586,7.8
2023/12/01 16:17:00,AQUA_M-T,Brasil,RIO GRANDE DO NORTE,FRUTUOSO GOMES,Caatinga,3.0,0.0,1.0,-6.15168,-37.87669,27.1
2023/12/01 16:20:00,AQUA_M-T,Brasil,RIO GRANDE DO NORTE,DOUTOR SEVERIANO,Caatinga,20.0,0.0,1.0,-6.0791,-38.4035,25.1
2023/12/01 16:20:00,AQUA_M-T,Brasil,RIO GRANDE DO NORTE,DOUTOR SEVERIANO,Caatinga,19.0,0.0,1.0,-6.0758,-38.41071,29.7
2023/12/01 16:20:00,AQUA_M-T,Brasil,RIO GRANDE DO NORTE,UPANEMA,Caatinga,3.0,0.0,0.82,-5.55432,-37.40754,40.4
2023/12/01 16:20:00,AQUA_M-T,Brasil,RIO GRANDE DO NORTE,GOVERNADOR DIX-SEPT ROSADO,Caatinga,3.0,0.0,0.77,-5.54596,-37.4203,27.6
2023/12/01 16:20:00,AQUA_M-T,Brasil,RIO GRANDE DO NORTE,SÃO MIGUEL DO GOSTOSO,Caatinga,3.0,0.0,0.35,-5.16181,-35.69981,31.0
2023/12/01 16:20:00,AQUA_M-T,Brasil,RIO GRANDE DO NORTE,MOSSORÓ,Caatinga,-999.0,0.0,1.0,-4.91663,-37.44831,16.4
2023/12/01 16:20:00,AQUA_M-T,Brasil,RIO GRANDE DO NORTE,MOSSORÓ,Caatinga,-999.0,0.0,1.0,-4.91503,-37.43719,29.4
2023/12/03 16:02:00,AQUA_M-T,Brasil,RIO GRANDE DO NORTE,AÇU,Caatinga,5.0,0.0,1.0,-5.6069,-37.00277,67.5
2023/12/03 16:02:00,AQUA_M-T,Brasil,RIO GRANDE DO NORTE,CARNAUBAIS,Caatinga,4.0,2.68,0.72,-5.27712,-36.88184,21.0
2023/12/05 15:48:00,AQUA_M-T,Brasil,RIO GRANDE DO NORTE,PUREZA,Caatinga,-999.0,0.0,1.0,-5.41214,-35.52481,31.6
2023/12/06 16:28:00,AQUA_M-T,Brasil,RIO GRANDE DO NORTE,SÃO MIGUEL,Caatinga,18.0,0.0,1.0,-6.2861,-38.51395,28.3
2023/12/06 16:28:00,AQUA_M-T,Brasil,RIO GRANDE DO NORTE,SÃO MIGUEL,Caatinga,17.0,0.0,1.0,-6.28472,-38.50436,14.1
2023/12/06 16:28:00,AQUA_M-T,Brasil,RIO GRANDE DO NORTE,ÁGUA NOVA,Caatinga,7.0,0.0,1.0,-6.18165,-38.30622,23.7
2023/12/06 16:28:00,AQUA_M-T,Brasil,RIO GRANDE DO NORTE,DOUTOR SEVERIANO,Caatinga,26.0,0.0,1.0,-6.08545,-38.39919,12.4
2023/12/06 16:28:00,AQUA_M-T,Brasil,RIO GRANDE DO NORTE,SANTANA DO MATOS,Caatinga,8.0,0.0,0.91,-6.05823,-36.7392,50.0
2023/12/06 16:28:00,AQUA_M-T,Brasil,RIO GRANDE DO NORTE,SANTANA DO MATOS,Caatinga,8.0,0.0,0.98,-6.05694,-36.73032,24.9
2023/12/06 16:28:00,AQUA_M-T,Brasil,RIO GRANDE DO NORTE,TABOLEIRO GRANDE,Caatinga,8.0,0.0,1.0,-5.90964,-38.01323,10.3
2023/12/06 16:28:00,AQUA_M-T,Brasil,RIO GRANDE DO NORTE,GOVERNADOR DIX-SEPT ROSADO,Caatinga,8.0,0.0,1.0,-5.45628,-37.61293,10.8
2023/12/06 16:28:00,AQUA_M-T,Brasil,RIO GRANDE DO NORTE,TOUROS,Caatinga,4.0,0.0,0.65,-5.431,-35.79103,26.3
2023/12/06 16:28:00,AQUA_M-T,Brasil,RIO GRANDE DO NORTE,TOUROS,Caatinga,3.0,0.0,1.0,-5.28548,-35.67599,17.6
2023/12/06 16:28:00,AQUA_M-T,Brasil,RIO GRANDE DO NORTE,TOUROS,Caatinga,3.0,0.0,0.98,-5.28411,-35.66665,37.1
2023/12/06 16:28:00,AQUA_M-T,Brasil,RIO GRANDE DO NORTE,TOUROS,Caatinga,3.0,0.0,0.83,-5.25677,-35.67066,24.9
2023/12/06 16:28:00,AQUA_M-T,Brasil,RIO GRANDE DO NORTE,PORTO DO MANGUE,Caatinga,8.0,0.0,1.0,-5.11495,-36.84504,14.8
2023/12/08 16:13:00,AQUA_M-T,Brasil,RIO GRANDE DO NORTE,TOUROS,Caatinga,5.0,0.2,0.97,-5.27078,-35.69227,14.4
2023/12/10 15:58:00,AQUA_M-T,Brasil,RIO GRANDE DO NORTE,DOUTOR SEVERIANO,Caatinga,30.0,0.36,1.0,-6.11173,-38.41031,66.9
2023/12/11 16:39:00,AQUA_M-T,Brasil,RIO GRANDE DO NORTE,UMARIZAL,Caatinga,6.0,0.0,1.0,-6.00255,-37.79163,66.4
2023/12/11 16:39:00,AQUA_M-T,Brasil,RIO GRANDE DO NORTE,SÃO FRANCISCO DO OESTE,Caatinga,19.0,0.0,1.0,-5.96386,-38.15403,16.0
2023/12/13 16:24:00,AQUA_M-T,Brasil,RIO GRANDE DO NORTE,TENENTE ANANIAS,Caatinga,3.0,0.0,0.47,-6.49421,-38.11871,17.4
2023/12/13 16:24:00,AQUA_M-T,Brasil,RIO GRANDE DO NORTE,MARTINS,Caatinga,7.0,0.0,1.0,-6.10917,-37.93304,12.4
2023/12/13 16:24:00,AQUA_M-T,Brasil,RIO GRANDE DO NORTE,PORTALEGRE,Caatinga,6.0,0.0,1.0,-6.0231,-38.04642,28.5
2023/12/13 16:24:00,AQUA_M-T,Brasil,RIO GRANDE DO NORTE,PORTALEGRE,Caatinga,7.0,0.0,1.0,-6.02163,-38.03617,41.2
2023/12/13 16:24:00,AQUA_M-T,Brasil,RIO GRANDE DO NORTE,RIACHO DA CRUZ,Caatinga,13.0,0.0,1.0,-5.97634,-37.99059,13.0
2023/12/13 16:24:00,AQUA_M-T,Brasil,RIO GRANDE DO NORTE,IELMO MARINHO,Caatinga,9.0,0.0,1.0,-5.72761,-35.6034,12.1
2023/12/13 16:24:00,AQUA_M-T,Brasil,RIO GRANDE DO NORTE,POÇO BRANCO,Caatinga,9.0,0.0,1.0,-5.58839,-35.72688,7.5
2023/12/13 16:24:00,AQUA_M-T,Brasil,RIO GRANDE DO NORTE,APODI,Caatinga,15.0,0.0,1.0,-5.53268,-37.89925,28.4
2023/12/13 16:24:00,AQUA_M-T,Brasil,RIO GRANDE DO NORTE,APODI,Caatinga,15.0,0.0,1.0,-5.53125,-37.88926,95.9
2023/12/13 16:24:00,AQUA_M-T,Brasil,RIO GRANDE DO NORTE,BARAÚNA,Caatinga,14.0,0.0,1.0,-5.15142,-37.67686,11.2
2023/12/13 16:24:00,AQUA_M-T,Brasil,RIO GRANDE DO NORTE,BARAÚNA,Caatinga,14.0,0.0,1.0,-5.15002,-37.66718,21.4
2023/12/13 16:24:00,AQUA_M-T,Brasil,RIO GRANDE DO NORTE,SERRA DO MEL,Caatinga,10.0,0.0,1.0,-5.09845,-36.99595,251.0
2023/12/13 16:24:00,AQUA_M-T,Brasil,RIO GRANDE DO NORTE,SERRA DO MEL,Caatinga,10.0,0.0,1.0,-5.09713,-36.98676,103.0
2023/12/14 17:04:00,AQUA_M-T,Brasil,RIO GRANDE DO NORTE,TENENTE ANANIAS,Caatinga,4.0,0.0,0.8,-6.49266,-38.12158,41.4
2023/12/14 17:04:00,AQUA_M-T,Brasil,RIO GRANDE DO NORTE,TENENTE ANANIAS,Caatinga,4.0,0.0,0.82,-6.48232,-38.14902,38.8
2023/12/15 16:09:00,AQUA_M-T,Brasil,RIO GRANDE DO NORTE,PARANÁ,Caatinga,5.0,0.0,1.0,-6.47521,-38.28481,37.6
2023/12/15 16:09:00,AQUA_M-T,Brasil,RIO GRANDE DO NORTE,PARANÁ,Caatinga,5.0,0.0,1.0,-6.47234,-38.28034,32.3
2023/12/15 16:09:00,AQUA_M-T,Brasil,RIO GRANDE DO NORTE,LUÍS GOMES,Caatinga,5.0,0.0,1.0,-6.33878,-38.34945,28.4
2023/12/16 16:49:00,AQUA_M-T,Brasil,RIO GRANDE DO NORTE,MOSSORÓ,Caatinga,-999.0,3.15,1.0,-4.93812,-37.41424,32.1
2023/12/23 16:47:00,AQUA_M-T,Brasil,RIO GRANDE DO NORTE,JOÃO DIAS,Caatinga,0.0,0.0,0.0,-6.32352,-37.84361,12.1
2023/12/25 16:30:00,AQUA_M-T,Brasil,RIO GRANDE DO NORTE,PEDRO VELHO,Mata Atlântica,4.0,0.0,0.59,-6.44274,-35.27905,7.6
2023/12/25 16:30:00,AQUA_M-T,Brasil,RIO GRANDE DO NORTE,CORONEL JOÃO PESSOA,Caatinga,3.0,0.1,0.35,-6.23971,-38.44119,14.9
2023/12/25 16:30:00,AQUA_M-T,Brasil,RIO GRANDE DO NORTE,CORONEL JOÃO PESSOA,Caatinga,3.0,0.18,0.33,-6.23836,-38.43182,17.0
2023/12/26 17:11:00,AQUA_M-T,Brasil,RIO GRANDE DO NORTE,MARCELINO VIEIRA,Caatinga,1.0,1.5,0.46,-6.20854,-38.12962,60.1
2023/12/27 16:15:00,AQUA_M-T,Brasil,RIO GRANDE DO NORTE,ALEXANDRIA,Caatinga,1.0,0.0,0.51,-6.37012,-38.01693,17.5
2023/12/27 16:15:00,AQUA_M-T,Brasil,RIO GRANDE DO NORTE,JOÃO DIAS,Caatinga,0.0,0.0,0.03,-6.28818,-37.83546,28.2
2023/12/27 16:15:00,AQUA_M-T,Brasil,RIO GRANDE DO NORTE,PORTALEGRE,Caatinga,1.0,0.0,0.16,-6.02989,-38.03955,68.4
2023/12/27 16:15:00,AQUA_M-T,Brasil,RIO GRANDE DO NORTE,PORTALEGRE,Caatinga,1.0,0.0,0.14,-6.02784,-38.0244,63.4
2023/12/28 16:56:00,AQUA_M-T,Brasil,RIO GRANDE DO NORTE,PARANÁ,Caatinga,2.0,0.0,0.52,-6.45484,-38.28819,22.0
2023/12/28 16:56:00,AQUA_M-T,Brasil,RIO GRANDE DO NORTE,PARANÁ,Caatinga,2.0,0.0,1.0,-6.44555,-38.27908,22.0
2023/12/28 16:56:00,AQUA_M-T,Brasil,RIO GRANDE DO NORTE,MAJOR SALES,Caatinga,2.0,0.0,1.0,-6.42968,-38.32993,24.5
2023/12/28 16:56:00,AQUA_M-T,Brasil,RIO GRANDE DO NORTE,JOÃO DIAS,Caatinga,2.0,0.0,0.07,-6.28493,-37.83973,16.7
2023/12/28 16:56:00,AQUA_M-T,Brasil,RIO GRANDE DO NORTE,RIACHO DA CRUZ,Caatinga,2.0,0.0,0.13,-5.95495,-37.96067,97.1
2023/12/28 16:56:00,AQUA_M-T,Brasil,RIO GRANDE DO NORTE,RIACHO DA CRUZ,Caatinga,2.0,0.0,0.13,-5.94945,-37.96856,63.6
2023/12/28 16:56:00,AQUA_M-T,Brasil,RIO GRANDE DO NORTE,RIACHO DA CRUZ,Caatinga,2.0,0.0,0.45,-5.94684,-37.95152,39.6
2023/12/28 16:56:00,AQUA_M-T,Brasil,RIO GRANDE DO NORTE,APODI,Caatinga,2.0,0.0,0.02,-5.68391,-38.02825,67.0
2023/12/28 16:56:00,AQUA_M-T,Brasil,RIO GRANDE DO NORTE,APODI,Caatinga,2.0,0.0,0.02,-5.68132,-38.01125,20.4
2023/12/28 16:56:00,AQUA_M-T,Brasil,RIO GRANDE DO NORTE,APODI,Caatinga,2.0,0.0,0.02,-5.67578,-38.02416,110.2
2023/12/30 16:41:00,AQUA_M-T,Brasil,RIO GRANDE DO NORTE,SERRA NEGRA DO NORTE,Caatinga,4.0,0.0,0.28,-6.54272,-37.39652,10.4
2023/12/30 16:41:00,AQUA_M-T,Brasil,RIO GRANDE DO NORTE,CORONEL JOÃO PESSOA,Caatinga,4.0,0.0,0.7,-6.23016,-38.45385,22.7
2023/12/30 16:41:00,AQUA_M-T,Brasil,RIO GRANDE DO NORTE,DOUTOR SEVERIANO,Caatinga,4.0,0.0,0.6,-6.12723,-38.4477,53.0
2023/12/30 16:41:00,AQUA_M-T,Brasil,RIO GRANDE DO NORTE,DOUTOR SEVERIANO,Caatinga,4.0,0.0,0.59,-6.12586,-38.43843,48.0
2023/12/30 16:41:00,AQUA_M-T,Brasil,RIO GRANDE DO NORTE,MARTINS,Caatinga,4.0,0.0,0.26,-6.04741,-37.91052,19.6
2023/12/30 16:41:00,AQUA_M-T,Brasil,RIO GRANDE DO NORTE,MARTINS,Caatinga,4.0,0.0,0.25,-6.046,-37.90107,16.7
2023/12/30 16:41:00,AQUA_M-T,Brasil,RIO GRANDE DO NORTE,VIÇOSA,Caatinga,4.0,0.0,0.31,-6.00422,-37.98198,13.8
2023/12/30 16:41:00,AQUA_M-T,Brasil,RIO GRANDE DO NORTE,TOUROS,Caatinga,9.0,0.0,1.0,-5.31995,-35.64627,29.5
2023/12/30 16:41:00,AQUA_M-T,Brasil,RIO GRANDE DO NORTE,TOUROS,Caatinga,9.0,0.0,1.0,-5.31797,-35.63295,43.4
2024/01/08 16:22:00,AQUA_M-T,Brasil,RIO GRANDE DO NORTE,CARNAUBAIS,Caatinga,7.0,0.0,0.3,-5.17032,-36.9156,96.8
2024/01/08 16:22:00,AQUA_M-T,Brasil,RIO GRANDE DO NORTE,TOUROS,Caatinga,7.0,0.0,0.99,-5.23513,-35.61776,12.3
2024/01/08 16:22:00,AQUA_M-T,Brasil,RIO GRANDE DO NORTE,JUCURUTU,Caatinga,6.0,0.0,0.24,-5.99149,-37.10121,9.8
2024/01/08 16:22:00,AQUA_M-T,Brasil,RIO GRANDE DO NORTE,SÃO MIGUEL,Caatinga,7.0,0.0,0.39,-6.26704,-38.55062,15.4
2024/01/09 17:02:00,AQUA_M-T,Brasil,RIO GRANDE DO NORTE,RIACHO DA CRUZ,Caatinga,8.0,0.0,0.58,-5.93165,-38.00282,61.6
2024/01/09 17:02:00,AQUA_M-T,Brasil,RIO GRANDE DO NORTE,RIACHO DA CRUZ,Caatinga,8.0,0.0,0.57,-5.92818,-37.98169,74.7
2024/01/09 17:02:00,AQUA_M-T,Brasil,RIO GRANDE DO NORTE,RIACHO DA CRUZ,Caatinga,8.0,0.0,0.6,-5.92007,-37.98811,74.9
2024/01/10 16:05:00,AQUA_M-T,Brasil,RIO GRANDE DO NORTE,TOUROS,Caatinga,9.0,0.0,0.7,-5.23534,-35.66369,20.4
2024/01/10 16:05:00,AQUA_M-T,Brasil,RIO GRANDE DO NORTE,TOUROS,Caatinga,9.0,0.0,1.0,-5.23321,-35.64838,135.4
2024/01/10 16:05:00,AQUA_M-T,Brasil,RIO GRANDE DO NORTE,ESPÍRITO SANTO,Mata Atlântica,9.0,0.0,0.54,-6.35104,-35.27469,15.3
2024/01/10 16:05:00,AQUA_M-T,Brasil,RIO GRANDE DO NORTE,TOUROS,Caatinga,8.0,0.0,0.49,-5.36443,-35.6962,42.8
2024/01/10 16:05:00,AQUA_M-T,Brasil,RIO GRANDE DO NORTE,PUREZA,Caatinga,8.0,0.0,0.6,-5.36236,-35.68075,51.8
2024/01/10 16:05:00,AQUA_M-T,Brasil,RIO GRANDE DO NORTE,TOUROS,Caatinga,8.0,0.0,0.97,-5.35443,-35.68696,64.9
2024/01/15 16:15:00,AQUA_M-T,Brasil,RIO GRANDE DO NORTE,CANGUARETAMA,Mata Atlântica,0.0,0.0,0.72,-6.42721,-35.1469,18.0
2024/01/15 16:15:00,AQUA_M-T,Brasil,RIO GRANDE DO NORTE,CANGUARETAMA,Mata Atlântica,0.0,0.0,0.5,-6.42578,-35.13676,18.9
2024/01/15 16:15:00,AQUA_M-T,Brasil,RIO GRANDE DO NORTE,GOIANINHA,Mata Atlântica,0.0,0.0,0.26,-6.36131,-35.26647,52.0
2024/01/15 16:15:00,AQUA_M-T,Brasil,RIO GRANDE DO NORTE,ESPÍRITO SANTO,Mata Atlântica,0.0,0.0,0.13,-6.35326,-35.27819,10.6
2024/01/15 16:17:00,AQUA_M-T,Brasil,RIO GRANDE DO NORTE,TABOLEIRO GRANDE,Caatinga,0.0,0.1,0.06,-5.97199,-38.06154,52.0
2024/01/18 16:41:00,AQUA_M-T,Brasil,RIO GRANDE DO NORTE,ANTÔNIO MARTINS,Caatinga,0.0,0.0,0.04,-6.24216,-37.79346,17.3
2024/01/18 16:41:00,AQUA_M-T,Brasil,RIO GRANDE DO NORTE,JANDAÍRA,Caatinga,4.0,0.0,1.0,-5.30642,-36.12737,24.4
2024/01/20 16:26:00,AQUA_M-T,Brasil,RIO GRANDE DO NORTE,ESPÍRITO SANTO,Mata Atlântica,0.0,0.0,0.68,-6.36043,-35.27272,13.3
2024/01/20 16:26:00,AQUA_M-T,Brasil,RIO GRANDE DO NORTE,DOUTOR SEVERIANO,Caatinga,3.0,0.0,0.32,-6.08192,-38.42232,10.6
2024/01/20 16:26:00,AQUA_M-T,Brasil,RIO GRANDE DO NORTE,PATU,Caatinga,3.0,0.0,0.41,-6.01346,-37.66262,24.6
2024/01/20 16:26:00,AQUA_M-T,Brasil,RIO GRANDE DO NORTE,PATU,Caatinga,3.0,0.0,0.54,-6.01203,-37.65266,14.6
2024/01/20 16:26:00,AQUA_M-T,Brasil,RIO GRANDE DO NORTE,UMARIZAL,Caatinga,3.0,0.0,0.46,-5.96316,-37.88249,19.7
2024/01/20 16:26:00,AQUA_M-T,Brasil,RIO GRANDE DO NORTE,TOUROS,Caatinga,5.0,0.0,1.0,-5.31255,-35.60961,18.2
2024/01/20 16:26:00,AQUA_M-T,Brasil,RIO GRANDE DO NORTE,TOUROS,Caatinga,5.0,0.0,1.0,-5.31126,-35.60073,67.6
2024/01/20 16:26:00,AQUA_M-T,Brasil,RIO GRANDE DO NORTE,MOSSORÓ,Caatinga,4.0,0.0,0.44,-5.23105,-37.54159,10.7
2024/01/25 16:37:00,AQUA_M-T,Brasil,RIO GRANDE DO NORTE,AÇU,Caatinga,6.0,0.0,0.52,-5.4697,-37.09765,12.3
2024/01/25 16:37:00,AQUA_M-T,Brasil,RIO GRANDE DO NORTE,AÇU,Caatinga,7.0,0.0,0.53,-5.46836,-37.0885,34.3
2024/01/27 16:20:00,AQUA_M-T,Brasil,RIO GRANDE DO NORTE,MAXARANGUAPE,Mata Atlântica,-999.0,0.32,1.0,-5.44983,-35.39582,27.3
2024/01/27 16:20:00,AQUA_M-T,Brasil,RIO GRANDE DO NORTE,SANTA MARIA,Caatinga,2.0,1.83,0.95,-5.72929,-35.68163,13.2
2024/01/27 16:20:00,AQUA_M-T,Brasil,RIO GRANDE DO NORTE,SERRINHA,Caatinga,4.0,2.93,0.9,-6.29713,-35.59228,6.8
2024/01/27 16:20:00,AQUA_M-T,Brasil,RIO GRANDE DO NORTE,IELMO MARINHO,Caatinga,2.0,0.49,0.85,-5.74055,-35.56423,11.0
2024/01/03 16:09:00,AQUA_M-T,Brasil,RIO GRANDE DO NORTE,CAICÓ,Caatinga,2.0,0.0,0.14,-6.38071,-37.05172,27.3
2024/01/06 16:37:00,AQUA_M-T,Brasil,RIO GRANDE DO NORTE,GOVERNADOR DIX-SEPT ROSADO,Caatinga,5.0,0.0,0.15,-5.38585,-37.34243,7.1
2023/12/09 16:54:00,AQUA_M-T,Brasil,RIO GRANDE DO NORTE,MARCELINO VIEIRA,Caatinga,0.0,0.0,1.0,-6.34376,-38.15857,48.1
2023/12/09 16:54:00,AQUA_M-T,Brasil,RIO GRANDE DO NORTE,ÁGUA NOVA,Caatinga,11.0,0.0,1.0,-6.21997,-38.31917,31.6
2023/12/09 16:54:00,AQUA_M-T,Brasil,RIO GRANDE DO NORTE,ÁGUA NOVA,Caatinga,11.0,0.0,1.0,-6.21758,-38.31274,24.3
2024/01/30 16:47:00,AQUA_M-T,Brasil,RIO GRANDE DO NORTE,MOSSORÓ,Caatinga,-999.0,0.0,0.88,-5.00801,-37.47122,45.4
2024/01/30 16:47:00,AQUA_M-T,Brasil,RIO GRANDE DO NORTE,ENCANTO,Caatinga,4.0,0.0,0.65,-6.15697,-38.35724,19.5
2024/01/30 16:47:00,AQUA_M-T,Brasil,RIO GRANDE DO NORTE,MOSSORÓ,Caatinga,-999.0,0.0,0.88,-5.00969,-37.48266,23.6
2024/01/30 16:47:00,AQUA_M-T,Brasil,RIO GRANDE DO NORTE,MOSSORÓ,Caatinga,-999.0,0.0,0.88,-5.00915,-37.47596,94.0
2023/12/04 16:43:00,AQUA_M-T,Brasil,RIO GRANDE DO NORTE,PAU DOS FERROS,Caatinga,6.0,0.0,1.0,-6.09569,-38.2507,23.9
2023/12/04 16:43:00,AQUA_M-T,Brasil,RIO GRANDE DO NORTE,CARNAUBAIS,Caatinga,0.0,0.0,0.9,-5.26272,-36.88351,64.4
2023/12/04 16:43:00,AQUA_M-T,Brasil,RIO GRANDE DO NORTE,CARNAUBAIS,Caatinga,0.0,0.0,0.95,-5.26071,-36.87033,32.6
2023/12/04 16:43:00,AQUA_M-T,Brasil,RIO GRANDE DO NORTE,PORTO DO MANGUE,Caatinga,1.0,0.0,1.0,-5.11657,-36.91879,11.2
2023/11/30 17:13:00,AQUA_M-T,Brasil,RIO GRANDE DO NORTE,UMARIZAL,Caatinga,2.0,0.0,1.0,-5.98044,-37.89729,71.9
2023/11/30 17:13:00,AQUA_M-T,Brasil,RIO GRANDE DO NORTE,UMARIZAL,Caatinga,2.0,0.0,1.0,-5.97987,-37.90536,75.8
2024/02/01 16:30:00,AQUA_M-T,Brasil,RIO GRANDE DO NORTE,SERRINHA,Caatinga,4.0,0.0,0.93,-6.29103,-35.59439,18.7
2024/02/01 16:30:00,AQUA_M-T,Brasil,RIO GRANDE DO NORTE,IELMO MARINHO,Caatinga,6.0,0.0,0.97,-5.77866,-35.55193,31.3
2024/02/01 16:32:00,AQUA_M-T,Brasil,RIO GRANDE DO NORTE,JOÃO CÂMARA,Caatinga,4.0,0.0,1.0,-5.47236,-35.78956,11.6
2024/02/01 16:32:00,AQUA_M-T,Brasil,RIO GRANDE DO NORTE,JOÃO CÂMARA,Caatinga,4.0,0.0,1.0,-5.47103,-35.78048,28.3
2024/02/01 16:32:00,AQUA_M-T,Brasil,RIO GRANDE DO NORTE,JOÃO CÂMARA,Caatinga,4.0,0.0,1.0,-5.46338,-35.79089,87.2
2024/02/01 16:32:00,AQUA_M-T,Brasil,RIO GRANDE DO NORTE,JOÃO CÂMARA,Caatinga,4.0,0.0,1.0,-5.46206,-35.78183,139.0
2024/02/01 16:32:00,AQUA_M-T,Brasil,RIO GRANDE DO NORTE,BARAÚNA,Caatinga,-999.0,0.0,1.0,-4.98187,-37.55315,10.0
2024/02/05 16:00:00,AQUA_M-T,Brasil,RIO GRANDE DO NORTE,MOSSORÓ,Caatinga,-999.0,0.0,1.0,-4.93352,-37.43735,33.7
2024/02/06 16:39:00,AQUA_M-T,Brasil,RIO GRANDE DO NORTE,SERRA NEGRA DO NORTE,Caatinga,5.0,0.0,0.42,-6.65634,-37.34676,14.7
2024/02/06 16:39:00,AQUA_M-T,Brasil,RIO GRANDE DO NORTE,ENCANTO,Caatinga,2.0,0.0,0.91,-6.1487,-38.34361,20.6
2024/02/06 16:39:00,AQUA_M-T,Brasil,RIO GRANDE DO NORTE,JUCURUTU,Caatinga,7.0,0.0,0.52,-5.96844,-36.94098,14.2
2024/02/06 16:39:00,AQUA_M-T,Brasil,RIO GRANDE DO NORTE,CARAÚBAS,Caatinga,6.0,0.0,0.55,-5.73278,-37.58235,11.0
2024/02/06 16:41:00,AQUA_M-T,Brasil,RIO GRANDE DO NORTE,MOSSORÓ,Caatinga,3.0,0.1,0.83,-5.05579,-37.42509,9.4
2024/02/10 16:09:00,AQUA_M-T,Brasil,RIO GRANDE DO NORTE,PUREZA,Caatinga,-999.0,0.4,1.0,-5.48492,-35.53957,14.3
2024/03/10 16:26:00,AQUA_M-T,Brasil,RIO GRANDE DO NORTE,APODI,Caatinga,2.0,0.58,0.0,-5.4735,-37.69001,11.7
2024/03/10 16:26:00,AQUA_M-T,Brasil,RIO GRANDE DO NORTE,GOVERNADOR DIX-SEPT ROSADO,Caatinga,2.0,0.39,0.0,-5.40395,-37.63948,12.1
2024/03/12 16:09:00,AQUA_M-T,Brasil,RIO GRANDE DO NORTE,AREIA BRANCA,Caatinga,-999.0,12.86,0.0,-4.94157,-36.98665,9.1
2024/03/12 16:09:00,AQUA_M-T,Brasil,RIO GRANDE DO NORTE,CEARÁ-MIRIM,Caatinga,2.0,11.2,0.01,-5.72201,-35.43388,13.7
2024/03/17 16:20:00,AQUA_M-T,Brasil,RIO GRANDE DO NORTE,APODI,Caatinga,3.0,2.2,0.0,-5.47362,-37.69738,14.8
2024/03/20 16:43:00,AQUA_M-T,Brasil,RIO GRANDE DO NORTE,ALEXANDRIA,Caatinga,2.0,0.0,0.0,-6.33873,-37.91758,9.5
2024/03/21 15:46:00,AQUA_M-T,Brasil,RIO GRANDE DO NORTE,TOUROS,Caatinga,-999.0,0.0,0.17,-5.19265,-35.54716,51.5
2024/03/21 15:46:00,AQUA_M-T,Brasil,RIO GRANDE DO NORTE,TOUROS,Mata Atlântica,-999.0,0.0,0.02,-5.18706,-35.51352,48.0
2024/03/22 16:28:00,AQUA_M-T,Brasil,RIO GRANDE DO NORTE,MOSSORÓ,Caatinga,0.0,4.8,0.0,-5.26013,-37.44018,10.0
2024/04/05 16:13:00,AQUA_M-T,Brasil,RIO GRANDE DO NORTE,TOUROS,Caatinga,1.0,2.86,0.0,-5.15768,-35.55682,12.6
2024/02/08 16:24:00,AQUA_M-T,Brasil,RIO GRANDE DO NORTE,BENTO FERNANDES,Caatinga,8.0,0.0,1.0,-5.65195,-35.71107,11.3
2024/04/15 16:33:00,AQUA_M-T,Brasil,RIO GRANDE DO NORTE,ALEXANDRIA,Caatinga,1.0,14.38,0.0,-6.32855,-37.92146,6.7
2024/04/15 16:33:00,AQUA_M-T,Brasil,RIO GRANDE DO NORTE,JANUÁRIO CICCO,Caatinga,2.0,0.01,0.35,-6.19415,-35.56129,5.4
2024/04/15 16:33:00,AQUA_M-T,Brasil,RIO GRANDE DO NORTE,TOUROS,Caatinga,3.0,0.0,0.0,-5.1604,-35.55513,6.9
2024/05/08 15:52:00,AQUA_M-T,Brasil,RIO GRANDE DO NORTE,CEARÁ-MIRIM,Caatinga,3.0,0.0,0.03,-5.73107,-35.43964,52.5
2024/05/21 16:33:00,AQUA_M-T,Brasil,RIO GRANDE DO NORTE,LAGOA D'ANTA,Caatinga,4.0,0.0,0.2,-6.324,-35.65772,4.6
2024/05/21 16:33:00,AQUA_M-T,Brasil,RIO GRANDE DO NORTE,SÃO JOSÉ DO CAMPESTRE,Caatinga,4.0,0.0,0.19,-6.32271,-35.64873,12.3
2024/05/09 16:33:00,AQUA_M-T,Brasil,RIO GRANDE DO NORTE,CEARÁ-MIRIM,Caatinga,2.0,1.51,0.0,-5.70378,-35.3462,6.5
2024/05/09 16:35:00,AQUA_M-T,Brasil,RIO GRANDE DO NORTE,TOUROS,Caatinga,-999.0,0.0,0.0,-5.15133,-35.55246,13.3
2024/05/09 16:35:00,AQUA_M-T,Brasil,RIO GRANDE DO NORTE,TOUROS,Caatinga,4.0,0.0,0.0,-5.15262,-35.56131,39.4
2024/05/13 15:58:00,AQUA_M-T,Brasil,RIO GRANDE DO NORTE,CEARÁ-MIRIM,Caatinga,8.0,0.0,0.16,-5.71886,-35.45573,20.1
2024/06/12 16:45:00,AQUA_M-T,Brasil,RIO GRANDE DO NORTE,PARAZINHO,Caatinga,4.0,0.0,0.17,-5.29374,-35.9896,6.5
2024/07/01 16:35:00,AQUA_M-T,Brasil,RIO GRANDE DO NORTE,CEARÁ-MIRIM,Mata Atlântica,-999.0,0.4,0.19,-5.52352,-35.32381,4.1
2024/07/08 16:24:00,AQUA_M-T,Brasil,RIO GRANDE DO NORTE,FELIPE GUERRA,Caatinga,15.0,0.0,0.78,-5.56471,-37.7337,29.4
2024/07/16 16:54:00,AQUA_M-T,Brasil,RIO GRANDE DO NORTE,APODI,Caatinga,6.0,0.0,0.89,-5.55946,-37.92151,8.7
2024/07/16 16:54:00,AQUA_M-T,Brasil,RIO GRANDE DO NORTE,APODI,Caatinga,5.0,0.0,0.87,-5.54528,-37.95309,42.1
2024/07/16 16:54:00,AQUA_M-T,Brasil,RIO GRANDE DO NORTE,APODI,Caatinga,6.0,0.0,0.88,-5.54387,-37.94347,21.7
2024/07/16 16:54:00,AQUA_M-T,Brasil,RIO GRANDE DO NORTE,APODI,Caatinga,6.0,0.0,0.87,-5.53467,-37.9449,24.5
2024/07/19 17:17:00,AQUA_M-T,Brasil,RIO GRANDE DO NORTE,APODI,Caatinga,8.0,0.0,0.93,-5.54886,-37.95595,94.4
2024/07/19 17:17:00,AQUA_M-T,Brasil,RIO GRANDE DO NORTE,APODI,Caatinga,8.0,0.0,0.93,-5.5441,-37.96447,58.4
2024/07/19 17:17:00,AQUA_M-T,Brasil,RIO GRANDE DO NORTE,APODI,Caatinga,8.0,0.0,0.95,-5.54019,-37.93969,61.8
2024/07/23 16:43:00,AQUA_M-T,Brasil,RIO GRANDE DO NORTE,CARAÚBAS,Caatinga,33.0,0.0,1.0,-5.90586,-37.715,6.2
2024/07/28 16:50:00,AQUA_M-T,Brasil,RIO GRANDE DO NORTE,ALMINO AFONSO,Caatinga,22.0,0.0,1.0,-6.17935,-37.75435,19.4
2024/07/28 16:50:00,AQUA_M-T,Brasil,RIO GRANDE DO NORTE,ALMINO AFONSO,Caatinga,22.0,0.0,1.0,-6.17804,-37.7454,10.8
2024/07/30 16:35:00,AQUA_M-T,Brasil,RIO GRANDE DO NORTE,SERRA NEGRA DO NORTE,Caatinga,27.0,0.0,1.0,-6.53303,-37.45447,31.9
2024/07/30 16:35:00,AQUA_M-T,Brasil,RIO GRANDE DO NORTE,SANTANA DO MATOS,Caatinga,26.0,0.0,1.0,-6.06951,-36.69742,8.0
2024/07/30 16:35:00,AQUA_M-T,Brasil,RIO GRANDE DO NORTE,SANTANA DO MATOS,Caatinga,25.0,0.0,1.0,-6.06803,-36.68689,10.5
2024/07/31 17:13:00,AQUA_M-T,Brasil,RIO GRANDE DO NORTE,ALMINO AFONSO,Caatinga,25.0,0.0,1.0,-6.11364,-37.78592,22.5
2024/07/31 17:13:00,AQUA_M-T,Brasil,RIO GRANDE DO NORTE,ALMINO AFONSO,Caatinga,25.0,0.0,1.0,-6.11041,-37.7659,39.0
2024/08/02 16:56:00,AQUA_M-T,Brasil,RIO GRANDE DO NORTE,TENENTE ANANIAS,Caatinga,26.0,0.0,1.0,-6.46298,-38.19699,8.2
2024/08/02 16:56:00,AQUA_M-T,Brasil,RIO GRANDE DO NORTE,ENCANTO,Caatinga,27.0,0.0,1.0,-6.11408,-38.33241,8.3
2024/08/02 16:56:00,AQUA_M-T,Brasil,RIO GRANDE DO NORTE,JANDUÍS,Caatinga,27.0,0.0,1.0,-6.0524,-37.49678,10.6
2024/08/03 15:58:00,AQUA_M-T,Brasil,RIO GRANDE DO NORTE,GOIANINHA,Mata Atlântica,3.0,2.25,0.71,-6.35302,-35.18682,57.9
2024/08/03 15:58:00,AQUA_M-T,Brasil,RIO GRANDE DO NORTE,GOIANINHA,Mata Atlântica,3.0,2.28,0.7,-6.35718,-35.1819,56.7
2024/08/06 16:22:00,AQUA_M-T,Brasil,RIO GRANDE DO NORTE,CORONEL EZEQUIEL,Caatinga,19.0,0.0,1.0,-6.3702,-36.21519,18.0
2024/08/06 16:24:00,AQUA_M-T,Brasil,RIO GRANDE DO NORTE,APODI,Caatinga,27.0,0.0,1.0,-5.55832,-37.92212,25.0
2024/08/06 16:24:00,AQUA_M-T,Brasil,RIO GRANDE DO NORTE,APODI,Caatinga,27.0,0.0,1.0,-5.5561,-37.91748,44.8
2024/08/07 17:05:00,AQUA_M-T,Brasil,RIO GRANDE DO NORTE,ALMINO AFONSO,Caatinga,32.0,0.0,1.0,-6.11757,-37.77311,13.0
2024/08/12 17:09:00,AQUA_M-T,Brasil,RIO GRANDE DO NORTE,TIBAU,Caatinga,-999.0,0.0,1.0,-4.93066,-37.33874,26.1
2024/08/16 16:35:00,AQUA_M-T,Brasil,RIO GRANDE DO NORTE,SENADOR ELÓI DE SOUZA,Caatinga,21.0,0.0,1.0,-6.05246,-35.74084,13.6
2024/08/16 16:35:00,AQUA_M-T,Brasil,RIO GRANDE DO NORTE,OLHO D'ÁGUA DO BORGES,Caatinga,46.0,0.0,1.0,-6.02681,-37.68428,35.5
2024/08/16 16:35:00,AQUA_M-T,Brasil,RIO GRANDE DO NORTE,BARAÚNA,Caatinga,54.0,0.0,1.0,-5.11496,-37.67057,8.9
2024/08/16 16:35:00,AQUA_M-T,Brasil,RIO GRANDE DO NORTE,MOSSORÓ,Caatinga,38.0,0.0,1.0,-5.09663,-37.38921,37.5
2024/08/21 16:41:00,AQUA_M-T,Brasil,RIO GRANDE DO NORTE,LAGOA DE PEDRAS,Caatinga,2.0,0.0,1.0,-6.15256,-35.42013,17.1
2024/08/21 16:41:00,AQUA_M-T,Brasil,RIO GRANDE DO NORTE,AFONSO BEZERRA,Caatinga,43.0,0.0,1.0,-5.41625,-36.76565,13.2
2024/08/21 16:41:00,AQUA_M-T,Brasil,RIO GRANDE DO NORTE,AFONSO BEZERRA,Caatinga,43.0,0.0,1.0,-5.41493,-36.75653,13.8
2024/08/22 17:22:00,AQUA_M-T,Brasil,RIO GRANDE DO NORTE,BARAÚNA,Caatinga,60.0,0.0,1.0,-5.0928,-37.72569,36.5
2024/08/26 16:48:00,AQUA_M-T,Brasil,RIO GRANDE DO NORTE,APODI,Caatinga,47.0,0.0,1.0,-5.5771,-37.76958,11.1
2024/08/26 16:48:00,AQUA_M-T,Brasil,RIO GRANDE DO NORTE,GOVERNADOR DIX-SEPT ROSADO,Caatinga,64.0,0.0,1.0,-5.50011,-37.48877,6.8
2024/08/26 16:48:00,AQUA_M-T,Brasil,RIO GRANDE DO NORTE,AÇU,Caatinga,47.0,0.0,1.0,-5.29512,-37.09671,10.8
2024/08/26 16:48:00,AQUA_M-T,Brasil,RIO GRANDE DO NORTE,AÇU,Caatinga,47.0,0.0,1.0,-5.29384,-37.08787,135.0
2024/08/31 16:52:00,AQUA_M-T,Brasil,RIO GRANDE DO NORTE,BARAÚNA,Caatinga,66.0,0.0,1.0,-5.09485,-37.62248,18.1
2024/08/31 16:52:00,AQUA_M-T,Brasil,RIO GRANDE DO NORTE,TABOLEIRO GRANDE,Caatinga,52.0,0.0,1.0,-5.91992,-38.09696,9.4
2024/08/31 16:52:00,AQUA_M-T,Brasil,RIO GRANDE DO NORTE,MOSSORÓ,Caatinga,54.0,0.0,-999.0,-5.23645,-37.33027,9.1
2024/08/31 16:52:00,AQUA_M-T,Brasil,RIO GRANDE DO NORTE,MOSSORÓ,Caatinga,55.0,0.0,1.0,-5.18044,-37.45661,37.4
2024/09/02 16:35:00,AQUA_M-T,Brasil,RIO GRANDE DO NORTE,PARANÁ,Caatinga,57.0,0.0,1.0,-6.46814,-38.25214,43.0
2024/09/02 16:35:00,AQUA_M-T,Brasil,RIO GRANDE DO NORTE,PARANÁ,Caatinga,57.0,0.0,1.0,-6.46701,-38.25891,13.9
2024/09/02 16:35:00,AQUA_M-T,Brasil,RIO GRANDE DO NORTE,PARANÁ,Caatinga,57.0,0.0,1.0,-6.46498,-38.24456,34.1
2024/09/02 16:35:00,AQUA_M-T,Brasil,RIO GRANDE DO NORTE,APODI,Caatinga,54.0,0.0,1.0,-5.62112,-37.939,108.1
2024/09/02 16:35:00,AQUA_M-T,Brasil,RIO GRANDE DO NORTE,APODI,Caatinga,54.0,0.0,1.0,-5.61932,-37.92592,27.1
2024/09/02 16:35:00,AQUA_M-T,Brasil,RIO GRANDE DO NORTE,APODI,Caatinga,54.0,0.0,1.0,-5.61045,-37.94045,153.8
2024/09/02 16:35:00,AQUA_M-T,Brasil,RIO GRANDE DO NORTE,MOSSORÓ,Caatinga,57.0,0.0,1.0,-5.16561,-37.4534,23.2
2024/09/02 16:35:00,AQUA_M-T,Brasil,RIO GRANDE DO NORTE,MOSSORÓ,Caatinga,57.0,0.0,1.0,-5.16398,-37.44156,17.2
2024/09/03 17:15:00,AQUA_M-T,Brasil,RIO GRANDE DO NORTE,RODOLFO FERNANDES,Caatinga,55.0,0.0,1.0,-5.90963,-38.09979,17.9
2024/09/09 16:22:00,AQUA_M-T,Brasil,RIO GRANDE DO NORTE,APODI,Caatinga,63.0,0.0,1.0,-5.49365,-37.71807,119.0
2024/09/10 17:02:00,AQUA_M-T,Brasil,RIO GRANDE DO NORTE,APODI,Caatinga,62.0,0.0,1.0,-5.46908,-37.74171,34.9
2024/09/10 17:02:00,AQUA_M-T,Brasil,RIO GRANDE DO NORTE,APODI,Caatinga,62.0,0.0,1.0,-5.46739,-37.7305,132.8
2024/09/04 16:18:00,AQUA_M-T,Brasil,RIO GRANDE DO NORTE,SÃO JOSÉ DE MIPIBU,Caatinga,0.0,0.0,0.71,-6.00927,-35.32764,64.1
2024/09/04 16:18:00,AQUA_M-T,Brasil,RIO GRANDE DO NORTE,SÃO JOSÉ DE MIPIBU,Caatinga,0.0,0.0,0.43,-5.99953,-35.3222,25.0
2024/09/05 16:56:00,AQUA_M-T,Brasil,RIO GRANDE DO NORTE,BARAÚNA,Caatinga,74.0,0.0,1.0,-5.19659,-37.67056,9.3
2024/09/05 16:56:00,AQUA_M-T,Brasil,RIO GRANDE DO NORTE,BARAÚNA,Caatinga,74.0,0.0,1.0,-5.14961,-37.73765,14.4
2024/08/04 16:39:00,AQUA_M-T,Brasil,RIO GRANDE DO NORTE,UPANEMA,Caatinga,31.0,0.0,-999.0,-5.64682,-37.26992,7.4
2024/07/18 16:37:00,AQUA_M-T,Brasil,RIO GRANDE DO NORTE,APODI,Caatinga,8.0,0.0,0.89,-5.54167,-37.94334,8.6
2024/09/12 16:45:00,AQUA_M-T,Brasil,RIO GRANDE DO NORTE,APODI,Caatinga,65.0,0.0,1.0,-5.50169,-37.73664,25.9
2024/09/12 16:45:00,AQUA_M-T,Brasil,RIO GRANDE DO NORTE,APODI,Caatinga,65.0,0.0,1.0,-5.50034,-37.72729,20.4
2024/09/12 16:45:00,AQUA_M-T,Brasil,RIO GRANDE DO NORTE,APODI,Caatinga,64.0,0.0,1.0,-5.49259,-37.73796,79.1
2024/09/15 17:07:00,AQUA_M-T,Brasil,RIO GRANDE DO NORTE,PORTO DO MANGUE,Caatinga,-999.0,0.1,1.0,-4.97536,-36.89895,30.3
2024/09/15 17:07:00,AQUA_M-T,Brasil,RIO GRANDE DO NORTE,APODI,Caatinga,68.0,0.0,1.0,-5.5039,-37.73497,28.3
2024/09/15 17:07:00,AQUA_M-T,Brasil,RIO GRANDE DO NORTE,APODI,Caatinga,67.0,0.0,1.0,-5.49934,-37.74242,46.6
2024/09/17 16:50:00,AQUA_M-T,Brasil,RIO GRANDE DO NORTE,APODI,Caatinga,70.0,0.0,1.0,-5.50793,-37.73025,20.5
2024/09/17 16:50:00,AQUA_M-T,Brasil,RIO GRANDE DO NORTE,FERNANDO PEDROZA,Caatinga,61.0,0.0,1.0,-5.71746,-36.51277,8.8
2024/09/17 16:50:00,AQUA_M-T,Brasil,RIO GRANDE DO NORTE,FERNANDO PEDROZA,Caatinga,61.0,0.0,1.0,-5.7264,-36.51144,22.0
2024/09/17 16:50:00,AQUA_M-T,Brasil,RIO GRANDE DO NORTE,FERNANDO PEDROZA,Caatinga,61.0,0.0,1.0,-5.72773,-36.52048,13.7
2024/09/17 16:50:00,AQUA_M-T,Brasil,RIO GRANDE DO NORTE,SANTANA DO MATOS,Caatinga,86.0,0.0,1.0,-5.96278,-36.86654,22.5
2024/09/19 16:33:00,AQUA_M-T,Brasil,RIO GRANDE DO NORTE,GOIANINHA,Mata Atlântica,,,,-6.25614,-35.19707,10.3
2024/09/19 16:33:00,AQUA_M-T,Brasil,RIO GRANDE DO NORTE,GOIANINHA,Mata Atlântica,,,,-6.24808,-35.2088,10.2
2024/09/19 16:33:00,AQUA_M-T,Brasil,RIO GRANDE DO NORTE,GOIANINHA,Mata Atlântica,,,,-6.2466,-35.19845,22.1
2024/09/19 16:33:00,AQUA_M-T,Brasil,RIO GRANDE DO NORTE,CEARÁ-MIRIM,Caatinga,,,,-5.70139,-35.38681,26.2
2024/09/19 16:33:00,AQUA_M-T,Brasil,RIO GRANDE DO NORTE,CEARÁ-MIRIM,Caatinga,,,,-5.69992,-35.37644,42.6
2024/09/20 17:11:00,AQUA_M-T,Brasil,RIO GRANDE DO NORTE,VENHA-VER,Caatinga,78.0,0.0,1.0,-6.32414,-38.49457,19.8
2024/09/20 17:11:00,AQUA_M-T,Brasil,RIO GRANDE DO NORTE,VENHA-VER,Caatinga,78.0,0.0,1.0,-6.32617,-38.50806,32.1
2024/09/20 17:11:00,AQUA_M-T,Brasil,RIO GRANDE DO NORTE,VENHA-VER,Caatinga,79.0,0.0,1.0,-6.31704,-38.50357,63.9
2024/09/21 16:13:00,AQUA_M-T,Brasil,RIO GRANDE DO NORTE,SÃO JOSÉ DE MIPIBU,Mata Atlântica,20.0,0.0,1.0,-6.16534,-35.31023,34.9
2024/09/21 16:13:00,AQUA_M-T,Brasil,RIO GRANDE DO NORTE,SÃO JOSÉ DE MIPIBU,Mata Atlântica,21.0,0.0,1.0,-6.16222,-35.28803,71.9
2024/09/21 16:13:00,AQUA_M-T,Brasil,RIO GRANDE DO NORTE,SÃO JOSÉ DE MIPIBU,Mata Atlântica,20.0,0.0,1.0,-6.15999,-35.30389,70.3
2024/09/21 16:13:00,AQUA_M-T,Brasil,RIO GRANDE DO NORTE,SÃO JOSÉ DE MIPIBU,Mata Atlântica,21.0,0.0,1.0,-6.15702,-35.28141,34.7
2024/09/24 16:37:00,AQUA_M-T,Brasil,RIO GRANDE DO NORTE,ARÊS,Mata Atlântica,24.0,0.0,1.0,-6.17106,-35.29358,11.5
2024/09/24 16:37:00,AQUA_M-T,Brasil,RIO GRANDE DO NORTE,SANTO ANTÔNIO,Caatinga,21.0,0.0,1.0,-6.26984,-35.46563,9.8
2024/09/24 16:37:00,AQUA_M-T,Brasil,RIO GRANDE DO NORTE,SANTO ANTÔNIO,Caatinga,21.0,0.0,1.0,-6.27901,-35.46429,13.5
2024/09/24 16:37:00,AQUA_M-T,Brasil,RIO GRANDE DO NORTE,BAÍA FORMOSA,Mata Atlântica,-999.0,0.0,1.0,-6.40901,-35.02202,87.3
2024/09/24 16:37:00,AQUA_M-T,Brasil,RIO GRANDE DO NORTE,BAÍA FORMOSA,Mata Atlântica,-999.0,0.0,1.0,-6.41034,-35.03125,23.9
2024/09/24 16:37:00,AQUA_M-T,Brasil,RIO GRANDE DO NORTE,BAÍA FORMOSA,Mata Atlântica,-999.0,0.0,1.0,-6.41804,-35.02072,23.8
2024/09/27 16:58:00,AQUA_M-T,Brasil,RIO GRANDE DO NORTE,MOSSORÓ,Caatinga,90.0,0.0,1.0,-5.22213,-37.50743,13.0
2024/09/27 16:58:00,AQUA_M-T,Brasil,RIO GRANDE DO NORTE,CAICÓ,Caatinga,83.0,0.0,1.0,-6.4384,-37.1344,16.5
2024/09/29 16:41:00,AQUA_M-T,Brasil,RIO GRANDE DO NORTE,CANGUARETAMA,Mata Atlântica,,,,-6.51018,-35.1208,13.1
